SSDSE-C-2025,2022-2024年,City,LA03,LB00,LB01,LB011001,LB012001,LB012002,LB013001,LB013002,LB013003,LB013004,LB013005,LB013006,LB013007,LB014001,LB014002,LB014003,LB02,LB021101,LB021102,LB021103,LB021104,LB021105,LB021106,LB021107,LB021108,LB021109,LB021110,LB021111,LB021112,LB021113,LB021114,LB021115,LB021116,LB021201,LB021202,LB021203,LB021204,LB021205,LB022001,LB022002,LB022003,LB022004,LB022006,LB023001,LB023002,LB023003,LB023004,LB024001,LB024002,LB024003,LB024004,LB024005,LB03,LB031001,LB031002,LB031003,LB031004,LB031005,LB032001,LB032002,LB032003,LB032004,LB04,LB041001,LB042001,LB042002,LB042003,LB042004,LB042005,LB043001,LB05,LB051101,LB051102,LB051103,LB051104,LB051105,LB051106,LB051107,LB051108,LB051201,LB051202,LB051203,LB051204,LB051205,LB051206,LB051207,LB051208,LB051209,LB051210,LB051301,LB051302,LB051303,LB051304,LB051305,LB051306,LB051307,LB051308,LB051309,LB051310,LB051311,LB052001,LB052002,LB052003,LB052004,LB052005,LB052006,LB053001,LB053002,LB053003,LB053004,LB054001,LB054002,LB054003,LB054004,LB054005,LB054006,LB054007,LB054008,LB06,LB061001,LB061002,LB061004,LB061005,LB061006,LB061007,LB061008,LB061009,LB061010,LB061011,LB061012,LB061013,LB061014,LB061015,LB062001,LB07,LB071001,LB071002,LB072001,LB072002,LB072003,LB072004,LB072005,LB072006,LB072007,LB072008,LB072009,LB072010,LB072011,LB072012,LB072013,LB072014,LB072015,LB072016,LB08,LB080001,LB080002,LB080003,LB080004,LB080005,LB080006,LB080007,LB080008,LB080009,LB080010,LB080011,LB080012,LB080013,LB080014,LB080015,LB080016,LB09,LB091001,LB091002,LB091003,LB091004,LB091005,LB092001,LB092002,LB092003,LB092004,LB092005,LB092006,LB092007,LB092008,LB092009,LB092010,LB092011,LB092012,LB10,LB101001,LB101002,LB101003,LB101004,LB102001,LB102002,LB102003,LB103001,LB103002,LB103003,LB103004,LB103005,LB103006,LB103007,LB11,LB110001,LB110002,LB110003,LB110004,LB110005,LB110006,LB110007,LB110008,LB12,LB121101,LB121102,LB121103,LB121104,LB121105,LB121106,LB121107,LB121108,LB121109,LB121110,LB121201,LB121202,LB122001
地域コード,都道府県,市,世帯人員,食料（合計）,01　穀類,米,食パン,他のパン,生うどん・そば,乾うどん・そば,パスタ,中華麺,カップ麺,即席麺,他の麺類,小麦粉,もち,他の穀類のその他,02　魚介類,まぐろ,あじ,いわし,かつお,かれい,さけ,さば,さんま,たい,ぶり,いか,たこ,えび,かに,他の鮮魚,さしみ盛合わせ,あさり,しじみ,かき（貝）,ほたて貝,他の貝,塩さけ,たらこ,しらす干し,干しあじ,他の塩干魚介,揚げかまぼこ,ちくわ,かまぼこ,他の魚肉練製品,かつお節・削り節,魚介の漬物,魚介のつくだ煮,魚介の缶詰,他の魚介加工品のその他,03　肉類,牛肉,豚肉,鶏肉,合いびき肉,他の生鮮肉,ハム,ソーセージ,ベーコン,他の加工肉,04　乳卵類,牛乳,粉ミルク,ヨーグルト,バター,チーズ,他の乳製品,卵,05　野菜・海藻,キャベツ,ほうれんそう,はくさい,ねぎ,レタス,ブロッコリー,もやし,他の葉茎菜,さつまいも,じゃがいも,さといも,だいこん,にんじん,ごぼう,たまねぎ,れんこん,たけのこ,他の根菜,さやまめ,かぼちゃ,きゅうり,なす,トマト,ピーマン,生しいたけ,しめじ,えのきたけ,他のきのこ,他の野菜のその他,豆類,干ししいたけ,干しのり,わかめ,こんぶ,他の乾物・海藻,豆腐,油揚げ・がんもどき,納豆,他の大豆製品,こんにゃく,梅干し,だいこん漬,はくさい漬,他の野菜の漬物,こんぶつくだ煮,他の野菜・海藻のつくだ煮,他の野菜・海藻加工品のその他,06　果物,りんご,みかん,オレンジ,他の柑きつ類,梨,ぶどう,柿,桃,すいか,メロン,いちご,バナナ,キウイフルーツ,他の果物,果物加工品,07　油脂・調味料,食用油,マーガリン,食塩,しょう油,みそ,砂糖,酢,ソース,ケチャップ,マヨネーズ・マヨネーズ風調味料,ドレッシング,ジャム,カレールウ,乾燥スープ,風味調味料,ふりかけ,つゆ・たれ,他の調味料,08　菓子類,ようかん,まんじゅう,他の和生菓子,カステラ,ケーキ,ゼリー,プリン,他の洋生菓子,せんべい,ビスケット,スナック菓子,キャンデー,チョコレート,チョコレート菓子,アイスクリーム・シャーベット,他の菓子,09　調理食品,弁当,すし（弁当）,おにぎり・その他,調理パン,他の主食的調理食品,うなぎのかば焼き,サラダ,コロッケ,カツレツ,天ぷら・フライ,しゅうまい,ぎょうざ,やきとり,ハンバーグ,冷凍調理食品,そうざい材料セット,他の調理食品のその他,10　飲料,緑茶,紅茶,他の茶葉,茶飲料,コーヒー,コーヒー飲料,ココア・ココア飲料,果実・野菜ジュース,炭酸飲料,乳酸菌飲料,乳飲料,ミネラルウォーター,スポーツドリンク,他の飲料のその他,11　酒類,清酒,焼酎,ビール,ウイスキー,ワイン,発泡酒・ビール風アルコール飲料,チューハイ・カクテル,他の酒,12　外食,日本そば・うどん,中華そば,他の麺類外食,すし（外食）,和食,中華食,洋食,焼肉,ハンバーガー,他の主食的外食,喫茶代,飲酒代,学校給食
R00000,全国,全国,2.90,1033514,82646,22473,10497,23163,3687,2255,1449,4562,5683,2315,715,651,1703,3493,74276,5148,964,387,1611,874,4965,819,472,1047,2878,1707,1137,2949,1646,6796,4247,395,316,774,1096,385,2361,2059,1602,572,6821,2361,1945,3214,1589,827,3017,907,2892,3496,98146,21709,33286,18321,3120,3140,4733,7868,2576,3394,50639,15545,818,13667,1290,6868,711,11739,108578,2993,1927,1339,3365,2591,2457,994,6591,1253,2724,744,1675,2590,963,4197,962,678,3217,1746,1603,3383,2081,7946,2254,1924,1799,1271,2465,4698,385,356,3101,1504,730,2856,5242,2941,4492,885,1641,1381,1086,586,4988,1225,415,2336,41349,4676,4344,507,2191,1836,3298,1028,1137,1477,953,3483,5763,2154,4840,3664,47895,4874,632,436,1783,2138,1118,763,800,741,1644,2218,1345,1418,4074,2577,1810,5367,14157,99437,724,898,9776,884,7615,2239,1808,10536,6482,5099,6357,2480,6892,2449,11574,23624,151007,17982,15484,5749,6601,19060,2518,6106,2174,2227,13044,1139,1994,2630,1623,10554,3568,38553,64897,3224,838,1652,8313,7675,5276,385,7362,7502,5652,2712,4223,1596,8487,45014,5408,5970,12358,2658,3453,8803,5017,1346,169631,6744,7669,2655,15325,24196,4683,11834,7779,6024,50727,8829,14603,8562
R01100,北海道,札幌市,2.75,961122,81381,26176,9351,20249,3268,2139,1446,4417,5954,2120,628,594,1608,3431,77661,4807,190,159,1302,1299,7522,738,697,501,1237,1409,1271,2672,2300,7769,3159,434,367,908,2579,696,3090,2055,753,160,8938,1697,1595,3417,1351,629,4220,571,2686,4483,92635,12084,34691,18243,1769,5004,4065,8791,2764,5225,48183,13812,798,11745,1506,8464,626,11233,105586,3208,2318,1479,3367,2493,2744,1014,8302,1504,2628,284,1938,2390,959,4523,660,737,3298,1034,1672,3031,2326,7499,2636,1929,1698,1162,2301,2950,339,361,2760,1290,524,2512,4602,2425,4906,709,1561,1721,960,366,4655,1048,342,2419,38466,4616,4445,392,2227,791,2315,1349,700,1307,1784,2658,5644,2250,4176,3811,45104,4999,440,429,1575,1898,974,902,669,679,1666,1794,1304,1517,3295,2330,1522,5417,13695,94563,599,521,8565,817,6846,2034,1451,11253,4960,4586,6795,2736,7707,2996,11509,21187,117743,12595,12820,5896,5338,14173,1446,4640,1343,1567,11946,1042,1679,2723,1490,8235,1170,29640,63206,3001,733,1346,8063,8710,5734,400,6354,9547,4088,2484,3650,1414,7685,51419,5663,5294,14191,4753,5594,8768,5606,1550,145176,6368,6409,1954,18520,21172,3374,15181,7392,4133,26879,6163,15706,11924
R02201,青森県,青森市,2.82,975027,79647,22001,9159,19637,3575,2490,1292,6053,8012,2501,548,559,1189,2631,86996,4890,637,582,1475,1713,6145,592,496,567,1703,2746,975,2973,1486,8255,2971,346,857,352,3688,805,3386,3068,901,440,10609,1684,1955,3280,1482,556,6116,562,3550,5154,93035,15393,33320,16942,1222,3787,4541,9558,3091,5182,46487,14732,829,13468,1039,6133,622,9665,114122,3443,2428,1284,3490,2779,3071,1459,7421,1125,2317,254,1714,2542,1093,4555,681,594,3517,2094,1385,3180,2693,8416,2069,1975,1729,1143,2850,3036,199,305,2697,1909,1126,2941,5134,2528,6289,888,2191,2084,1361,593,5082,1136,265,3059,40284,8800,3942,503,2017,738,1950,906,700,1285,1478,3200,5959,2266,3210,3332,45702,4574,755,432,1367,2116,866,905,841,680,1624,1996,1073,1525,4083,2130,1535,6196,13005,92054,586,342,8602,387,6545,2311,1797,10200,6469,4059,7306,2147,5505,2612,11858,21328,140631,18126,15226,4646,5706,16313,2043,5531,2107,2243,14909,862,1715,4971,1935,9268,1249,33780,71749,2095,382,1285,8898,7694,6866,425,10190,10444,6898,3050,2615,2080,8827,59205,6027,6827,17185,4353,4339,11643,7419,1412,105115,5156,9376,905,13481,16350,2798,8643,7417,4390,18536,3815,9465,4784
R03201,岩手県,盛岡市,2.94,1015868,82555,23670,8671,20732,3560,2686,1357,6628,7286,2242,840,607,1319,2956,74979,5357,498,318,2139,1000,5162,535,646,443,1659,1694,974,2624,1242,5917,3966,342,535,757,1733,593,4302,2067,975,340,8662,1523,2012,3155,1184,646,4250,520,2962,4249,83391,10622,32516,15725,1307,3327,4740,8249,2677,4230,52205,16302,721,16146,1072,6878,648,10439,118186,3224,2670,1230,3254,2301,3149,1290,7469,1167,2146,718,1909,2752,1173,4306,727,541,3213,1715,1573,3501,2214,7218,2160,1901,1937,1379,3389,3954,313,331,3354,2540,1016,2997,7018,3274,6591,1104,2046,1711,1488,592,5731,1051,351,2500,44132,8218,4292,479,2653,1137,2781,1032,825,1613,1056,3941,5932,2192,4516,3464,49927,4895,610,428,1839,2723,956,769,635,720,1502,2089,1102,1529,4782,2532,1894,6649,14273,107394,938,615,9537,418,8484,3184,1996,10340,7566,5624,6331,2247,7672,2528,13031,26882,138869,15184,14790,5064,5094,16921,2010,5522,1975,2288,13230,943,1837,3270,1857,11507,2726,34650,70229,2815,618,1826,9141,8553,5413,443,9659,10333,4773,2693,3061,1848,9053,57142,6799,6284,16396,3418,4114,11377,6867,1888,136860,6681,9955,2191,14340,12698,2281,6726,8090,4399,37322,5635,15130,11412
R04100,宮城県,仙台市,2.94,1039185,80348,19877,10061,22520,3367,2049,1526,5132,7210,2014,763,580,1489,3759,73564,5429,533,305,2324,916,4467,540,607,375,1777,1410,1089,2290,651,6114,3351,291,340,1212,1105,348,2954,1807,1442,326,6391,1788,1500,8222,1681,691,3677,662,3298,3650,89682,13068,33797,17385,1632,3887,4550,8138,2718,4507,52086,14836,557,14820,1331,8106,796,11641,117275,2952,2307,1317,3106,2356,2786,1185,8748,1346,2732,794,1834,2705,1123,4052,862,807,3228,2001,1834,3663,2159,7497,2458,1727,2130,1345,3356,4600,391,451,3057,2407,858,3124,5471,2914,5673,1028,1897,1452,1178,630,5787,968,276,2703,42336,4543,4490,710,2598,1827,2436,890,1298,1663,777,3711,5047,2252,5790,4304,47923,4981,441,409,1694,2273,935,737,769,704,1500,2065,1391,1406,4641,2525,1765,5320,14366,106572,567,867,10775,664,7843,2437,1904,11913,6901,5892,7039,2606,7913,3030,11874,24348,148962,18456,14031,6479,7376,20289,2188,7037,2166,2555,13459,1193,1958,2962,1819,8858,2360,35774,67308,3314,961,1393,8521,8277,5705,412,6870,9258,5169,3044,4049,1626,8710,50948,7330,5579,11884,4192,3903,8259,7686,2114,162182,8666,13696,4248,15983,25161,3638,13788,7206,5797,26803,8958,17251,10989
R05201,秋田県,秋田市,2.67,984222,74567,19327,8095,18393,3674,4022,1287,5735,6647,2087,588,654,1244,2815,81523,4802,1125,560,1587,2194,5962,840,757,674,2019,2202,836,3129,1089,7388,4649,346,641,598,1540,622,4713,2934,915,258,8185,1542,1709,3347,1320,639,4450,1192,2946,3811,89335,13286,35959,17490,1450,2697,4010,8274,2786,3384,48458,15070,614,13105,981,6689,582,11417,123432,3443,3131,1432,3368,2652,3070,1315,9294,1314,2466,569,1887,2693,1202,4160,721,684,3983,3296,1887,3533,2709,8653,2383,2446,1867,1358,4203,4032,434,204,2667,1796,883,3421,5978,2460,6476,612,1763,1599,1480,359,5590,1063,616,2278,45700,6732,4511,535,2402,2034,3125,1021,996,2034,2020,3505,6413,2185,4900,3286,47938,4915,598,443,1833,2959,1089,922,634,618,1701,1826,1237,1445,3885,2396,1795,6564,13080,96700,700,670,9807,502,6474,2570,1718,11574,6004,3836,5973,2049,5741,1958,10623,26499,133081,15157,11681,4709,6683,14607,2163,5175,1594,1815,10475,979,1546,2629,1307,10334,2451,39777,62207,2786,701,1666,7080,8277,4447,303,8793,8038,5093,2007,3143,1816,8059,56234,9308,6238,15069,3791,4096,10856,5580,1294,125047,6219,10389,2124,15221,16792,1795,6919,7613,3703,24842,4563,12695,12171
R06201,山形県,山形市,3.06,1078719,84716,26238,9009,18312,4616,3643,1488,6150,6802,2279,811,598,1853,2918,78305,5628,565,236,2376,774,4907,411,649,577,2371,1968,1129,2573,1139,5990,3596,444,170,890,1556,432,4361,2892,1083,302,8682,2076,2036,3645,1770,671,3975,1163,3426,3842,106406,25422,35030,17331,1741,4836,4595,8944,3548,4960,56167,16808,1038,17580,1200,7312,808,11420,122701,2825,2905,1078,3520,2500,2927,1362,9872,1184,2359,1946,1604,2540,1170,3868,889,1391,3168,2136,1515,3974,2538,6635,1995,1821,1948,1584,4174,3777,416,236,2969,2082,1192,3760,5768,3450,6197,813,3120,1172,1136,968,6121,1430,328,2337,54312,6835,4264,657,2754,3568,4457,987,1369,1756,955,3523,5346,1964,12131,3747,51169,5237,490,537,3107,2743,1192,811,745,672,1742,2130,1102,1602,4137,2321,2063,5718,14821,108625,867,829,12635,493,7839,2627,1906,11304,9079,5523,6671,2395,7899,3223,12918,22416,138515,14617,13312,5107,6052,15789,2046,5996,1930,2313,14454,987,1479,3136,1827,12026,3446,33999,65888,3040,603,1385,7941,8420,4699,444,8588,9514,4787,2180,3713,2263,8312,54090,7558,5930,13668,4232,4083,9704,6705,2211,157823,9687,17726,2808,17317,21771,4535,14263,10070,5053,18906,6198,14348,15141
R07201,福島県,福島市,2.90,1044043,84079,26070,8795,21019,3314,2757,1521,4840,7450,2276,1005,668,1349,3014,75123,6440,432,298,2655,714,4506,435,575,661,1812,1551,1069,2192,911,4749,3965,503,304,666,1190,341,3884,2488,1927,373,7744,2301,1754,3518,1975,669,4004,1099,3250,4167,86520,12139,37060,14497,1140,2740,4984,7308,3066,3586,54891,15397,676,15960,1084,7451,697,13625,115871,3250,2079,1343,3018,2345,2858,1197,8219,1048,2533,758,1820,2959,1055,3894,688,663,3403,1937,1572,3946,2276,6535,2000,1957,2199,1389,3173,3383,574,222,3091,1866,756,2920,5540,2948,6865,1005,1877,1415,1389,955,6184,1780,497,2492,45746,6331,3955,493,2292,2316,2772,859,6629,865,507,3403,5653,1433,4595,3642,49450,5084,502,571,1653,2579,1200,877,855,697,1903,2287,1057,1512,4278,2273,2105,6364,13652,109429,889,1718,11452,589,8568,2887,2084,10451,7749,5470,7060,2448,6602,3237,13474,24753,156915,20156,14636,5869,8161,18025,1899,8540,2623,2290,14473,1105,1911,3107,2112,11142,6008,34856,75188,2634,689,1815,10046,8223,6059,442,8514,9463,7293,3757,4044,2321,9887,50761,9177,6248,14095,2979,3491,7884,5588,1298,140070,7074,11116,2803,16321,26091,3231,11430,6120,4992,21620,5715,11319,12238
R08201,茨城県,水戸市,2.75,982790,72563,18487,9901,18929,3519,2408,1326,4409,5405,1693,658,587,2051,3190,69243,5088,540,272,3000,943,5014,647,553,560,1680,1270,840,1957,966,4694,4525,239,945,528,819,306,3052,2272,2149,609,6421,1818,1294,3201,1615,719,3208,1125,3055,3319,78853,12926,30554,14543,1719,1843,5055,7393,2366,2452,51930,13953,1384,16467,1180,7505,608,10832,102493,2553,1644,1003,2800,2316,2417,836,5563,906,2297,522,1720,2357,791,3682,925,398,3093,1369,1545,3139,1764,7448,2095,1885,1942,1066,2599,4205,488,301,2934,1862,669,2634,5168,2792,6346,797,1483,1531,1062,496,5218,1299,355,2179,46653,5267,5407,557,2665,2370,3412,901,968,1755,3746,4272,5618,2359,3820,3535,44714,4963,496,435,1567,2128,1027,822,678,658,1510,2175,1302,1264,4074,2420,1648,4688,12859,103694,1253,1196,8683,1138,7483,2496,2068,9709,9013,5254,6017,2265,6625,2491,11464,26542,150584,18696,14250,6434,7254,19364,2014,6695,1846,2191,12049,1173,1580,3030,2177,12664,5806,33363,69937,3602,1003,1576,10337,8491,5155,395,6704,7074,6339,2380,5455,1864,9562,41287,6010,5453,11744,3478,3517,5935,4057,1092,150839,7217,8424,2713,15059,23955,5367,16116,6326,5286,32141,7291,13109,7835
R09201,栃木県,宇都宮市,2.88,1065969,78010,18576,10350,21448,3670,2539,1484,4644,5981,1946,801,687,1896,3989,72693,7452,587,272,1834,584,4602,606,474,462,1799,1384,975,2318,1291,5174,4621,407,395,522,1269,287,2871,2168,2416,525,7010,1987,1558,2587,1739,684,3827,983,3471,3553,86585,16588,31780,15865,1903,2418,4951,7799,2514,2765,50173,15092,675,14830,1277,7387,783,10129,110293,2862,1749,1010,2881,2829,2697,944,6792,1346,2401,769,1843,2494,984,4148,744,552,3300,1390,1529,3760,2095,9089,2322,1815,1889,1021,2892,4856,396,193,2826,1635,708,2710,5019,2447,5644,1378,1593,1599,947,593,5682,1265,412,2243,45999,5309,5280,646,2490,3707,2802,946,1044,1273,846,5406,6021,2155,4416,3658,47790,4629,506,432,1627,2174,938,617,910,714,1663,2845,1317,1211,4325,2582,1786,5100,14416,104023,1033,986,9486,861,8487,2463,2136,10734,8009,5549,6565,2268,7046,2761,12752,22887,165582,21995,14746,5750,8161,20765,2942,8967,2225,2245,14169,1219,3254,3549,1837,11560,2163,40036,73305,3931,857,1585,11564,7797,4577,378,8416,8756,7048,2789,4339,1978,9291,41789,6326,5502,10989,3358,3518,6743,4341,1012,189726,8847,11639,3300,18171,30467,6476,20348,7227,7121,41655,9009,13440,12027
R10201,群馬県,前橋市,2.75,1002335,85242,25268,9354,24389,4635,2249,1472,4664,5181,1962,581,683,1403,3403,69010,6899,612,348,1188,557,5464,679,392,492,1703,1300,930,1977,1063,5373,4450,474,353,664,952,290,2244,2727,1799,658,5715,1951,1759,2734,1573,755,3615,814,3053,3453,77494,11568,29936,14465,1940,2104,4752,7244,2325,3160,50233,15201,706,15561,1146,7015,633,9969,108028,2585,1931,998,2836,2371,2216,839,6023,1220,2524,741,1618,2422,885,3615,743,517,3469,1615,1627,4096,1681,9637,2133,2280,1618,1269,2638,4541,391,142,3021,1708,630,2662,5133,2838,6219,709,1490,1232,1123,552,5604,1147,340,2401,44242,6368,4479,529,2376,3071,2958,526,1037,1283,653,4638,5608,2383,4485,3847,46148,4706,604,485,1592,2192,957,808,711,716,1512,2833,1659,1309,4352,2429,1501,4566,13217,92877,620,1371,8430,653,7181,2559,1684,9050,6394,4273,5194,2135,5687,1814,11440,24392,154114,25614,17630,5771,7799,19914,1989,6032,1771,2124,12391,1249,2115,2456,1589,9697,1602,34371,72065,2887,748,1449,9674,7752,5768,328,8437,7086,9106,2754,4723,1891,9463,40224,6087,5668,11011,3278,2774,6175,3902,1329,162658,8143,9121,4740,12729,20031,4411,13270,7947,6087,45100,6571,14795,9713
R11100,埼玉県,さいたま市,3.03,1171404,87264,23813,10961,25032,3843,2363,1730,4794,5360,2294,857,614,1631,3971,72337,6453,913,316,1665,592,5559,788,541,698,2313,1486,1323,2617,1098,6709,3619,476,334,517,833,390,2623,2100,1866,690,6121,1855,1615,2825,1890,805,3269,764,3400,3279,96882,17142,36802,18912,3038,2497,4844,7961,2625,3063,54416,15631,928,15500,1409,8581,870,11496,123274,2878,2087,1190,3811,2857,3224,957,7885,1105,2996,719,1858,3101,917,4616,1219,760,3501,2332,2008,4140,2556,10163,2957,2054,1735,1237,3122,6680,358,288,3429,1703,596,3043,5341,2869,5219,1038,1638,1708,908,601,5682,1031,354,2802,45811,4652,4250,543,2604,1677,3145,871,1184,1665,1210,4771,5776,2979,5990,4493,51000,4892,547,486,1674,2389,877,799,734,762,1441,2646,1471,1356,4729,2821,1869,5286,16222,112321,736,823,10015,869,9328,2372,2071,12028,7324,6054,6827,2723,7955,2885,13738,26575,177464,23764,14768,7880,8923,24040,2757,8122,1983,2156,12579,1419,2210,3453,1765,12401,6172,43072,71411,2946,1213,1957,9749,8492,5739,389,8076,8311,5567,2921,5695,1437,8919,49517,5812,4847,13340,2694,5388,9413,6457,1567,229706,8712,10101,4239,16143,27330,4855,13923,10754,7576,76246,12604,25558,11665
R12100,千葉県,千葉市,2.73,1127171,84849,21352,11330,25622,3593,2141,1599,4536,5362,2181,922,695,1698,3818,76940,7395,1153,539,1690,746,5468,847,518,852,2839,1526,976,2885,1746,6069,3833,452,336,806,1166,484,2311,1955,1895,959,6567,2066,1582,3229,1962,900,3449,969,3206,3567,95134,20096,33367,18303,2678,2241,5118,7420,2871,3042,55611,16675,1193,15831,1643,7897,836,11536,119873,2968,2228,1340,3754,2915,2594,926,7684,1287,3020,879,1904,2681,942,4620,1088,951,3628,2224,1907,4020,2606,9616,2535,2041,1737,1169,2484,5791,437,407,3399,1680,729,2978,5154,2758,5011,977,1617,1262,1119,697,5975,1083,350,2698,49751,5221,4536,746,2753,3605,3705,1358,1070,1955,1281,4143,5725,3137,5868,4646,49389,4989,590,422,1621,2203,999,789,711,788,1493,2419,1692,1363,4291,3003,1627,5031,15361,107495,1168,742,9903,1061,9001,2766,2087,12046,7474,5449,5461,2282,7763,2218,11655,26418,170235,23773,16511,6622,8750,22341,2553,7990,1931,2425,11832,1306,2070,3015,1604,12849,3431,41231,70755,3918,1132,1572,9973,7932,5195,395,7786,7929,5218,2900,5101,1883,9820,44301,4939,5032,10928,3417,5905,8205,4781,1092,202838,6630,8571,3961,16398,25426,6013,15836,7390,7228,67721,11267,17943,8454
R13100,東京都,東京都区部,2.90,1202765,84923,20895,11842,25264,3450,2245,1857,4890,5010,2049,979,574,1802,4068,80998,7734,1004,411,1677,705,5662,693,543,1040,2888,1701,1348,2867,1313,7278,4735,547,427,925,1395,460,2224,2418,2198,827,6611,2212,1546,3064,1942,856,3765,892,3289,3799,104240,22768,36718,19412,3440,2730,5557,7260,2930,3426,55620,16411,949,14985,1698,9261,949,11368,128002,3221,2254,1363,4255,3383,2993,1058,9214,1304,3058,890,2048,2851,945,4593,1149,914,4038,2912,1984,4022,2635,10470,2989,2023,1753,1170,3113,6437,375,393,3470,1626,711,3136,5378,3040,4624,837,1723,1755,1137,622,5859,1150,363,2765,47095,4542,4532,586,2742,1870,3511,1209,1233,1888,1064,4372,5450,2571,6580,4946,50994,5183,554,475,1624,2259,871,738,724,814,1467,2363,1748,1296,4409,3040,1601,5262,16565,107962,1180,590,10126,971,8779,2365,1942,12507,7429,6415,5904,2469,7245,2491,12339,25211,178828,24209,15545,6375,9409,22431,2947,8267,2167,2532,13226,1654,2129,3390,1659,10514,4327,48046,70439,3706,1346,1879,8939,8845,5538,395,7566,7826,5632,2929,5313,1383,9143,51420,5612,5853,13419,3373,7434,7517,6194,2018,242244,7126,8318,3941,17051,27478,7456,16901,7686,6663,91813,13605,29597,4608
R14100,神奈川県,横浜市,2.84,1129149,83017,22182,11334,22922,3277,2451,1711,4732,4899,2152,1055,596,1597,4107,78808,7484,1223,383,1537,584,5259,625,442,1029,3292,1551,1203,2950,1459,6492,4915,400,319,861,1357,537,2395,2031,2077,1046,6530,2266,1583,3397,1910,872,3251,903,3020,3625,102996,22929,36230,18550,3501,2407,5875,7423,2866,3214,53141,16025,776,13810,1627,8353,1107,11443,125196,3215,2242,1322,3981,3155,3174,986,8779,1248,3292,907,1873,2893,1001,4850,1199,959,3914,2947,2232,4192,2738,9436,2960,1959,1728,1147,2724,6193,339,433,3288,1659,635,3290,5191,2620,4595,877,1525,1647,1155,664,5802,1168,412,2653,44880,4248,4105,738,2334,1719,3464,1091,1068,1538,1185,4021,5255,2762,6417,4937,49942,5099,607,478,1602,2050,996,856,753,751,1539,2513,1697,1337,4619,2682,1588,4844,15932,103983,791,611,9722,883,8731,2214,1947,11610,7477,5797,5843,2253,7398,2178,10916,25612,164767,21736,15225,6029,7864,20656,2563,7372,2263,2256,12266,2612,1780,3540,1379,10418,4413,42394,67169,4421,1400,1732,8751,8015,4263,456,8215,7686,5077,2392,4817,1271,8674,46151,5844,4941,12430,2979,6580,6619,4622,2135,209099,6489,7560,3376,15960,28548,8503,18609,8174,5806,68566,11757,18562,7188
R15100,新潟県,新潟市,3.03,1053469,91422,27341,10790,23999,3050,3058,1622,5380,7190,2624,588,584,2256,2939,75544,3661,571,308,1042,1315,6575,628,503,464,2653,2039,880,2576,1528,5263,4318,428,340,589,1178,446,5212,3029,1031,315,7170,1945,1725,3165,1516,561,4664,485,3913,3508,88628,11136,38033,16239,1446,2290,4461,8332,3049,3641,53157,15560,691,15007,1310,7441,624,12523,128044,3239,2356,1360,3419,2391,3172,1217,7924,1405,3488,1274,1964,3001,1131,4414,1565,1074,3175,5617,1826,3972,2758,9700,2385,2098,2162,1733,3160,5678,443,511,2974,1627,743,3327,5312,3615,5512,750,2009,966,1202,502,5471,1430,301,2688,45105,5276,5325,619,2128,3317,2844,634,1458,2246,968,4597,6054,2295,4117,3224,51182,5176,641,547,1762,2839,1322,754,738,798,1890,2067,1203,1826,4176,2782,2262,5617,14780,98581,777,1007,9711,629,7748,2701,1843,10834,6882,5458,6419,2114,7138,2214,11600,21506,158500,15097,15937,5862,7142,18853,1519,8728,2655,2984,17077,1019,1690,2733,1576,13108,5487,37031,63214,2970,727,1447,8468,8138,5001,392,6255,8153,6969,2476,3278,1659,7281,59154,7114,6184,15287,3777,4793,13669,6966,1365,140938,5989,14696,3863,14785,18172,3570,7804,5349,5597,31601,6826,13366,9319
R16201,富山県,富山市,2.96,1124624,90075,25505,12180,22279,3821,2998,1384,5354,6371,2529,517,606,2999,3534,89435,4627,1423,580,1134,998,5788,1100,489,688,7203,3326,983,3555,1484,8262,5028,281,473,611,863,615,3340,2357,1316,401,6604,2117,1612,5575,1744,632,7336,968,2344,3575,96024,19756,34257,15638,3841,2523,4828,8787,2989,3405,50748,15337,532,15113,1174,6896,758,10937,123352,3068,2647,1517,3468,2546,3013,977,7332,1443,3333,1243,1736,2883,994,4187,1079,877,3498,1546,2067,3857,2729,9980,2279,2366,1879,1667,3512,3325,601,442,2882,1254,1624,3276,5653,4312,5823,909,1605,1500,1595,764,5175,1773,332,2784,45066,4586,4580,1095,2479,3835,3389,625,851,2198,729,3146,6377,2361,4566,4249,49429,4855,675,491,1794,2299,1104,729,742,682,1626,2054,1296,1497,4207,2973,2577,5672,14156,105134,988,1128,12513,1010,8184,2786,2028,12012,8557,6081,6945,2459,7819,2854,11804,17967,169636,13286,17856,5104,7153,19662,2520,8564,3121,3439,16650,914,1828,2959,1495,14365,10374,40344,70790,2234,678,1719,10450,7921,6858,503,8502,7969,5420,2954,3503,1855,10224,53632,7260,6454,15304,3019,4258,10458,5574,1305,181304,8050,11465,2758,19310,34116,5316,14846,9867,6346,29162,8035,20356,11676
R17201,石川県,金沢市,3.08,1068932,87217,22879,11813,24067,4016,2199,1511,5462,5424,2290,632,611,2898,3416,72238,2887,1306,672,895,1445,4446,1026,321,1098,5117,1950,1061,2952,3094,7619,3743,263,390,615,665,442,2535,1683,1016,251,5268,1797,1796,3291,1364,595,3891,1112,2451,3179,97341,21691,33948,16779,4150,2496,4780,7807,2554,3137,48678,14396,990,12805,1426,7565,750,10745,112176,2772,2357,1468,3482,2374,2898,1024,6951,1361,2928,691,1753,2806,841,3995,1567,756,2961,1596,1858,3581,2498,8289,2217,2131,1607,1445,2995,3525,348,219,3259,1133,1008,3304,5146,4211,4840,842,1462,1068,1192,678,4675,1367,410,2287,42161,4512,4439,703,2155,2218,4171,814,1005,1826,590,3146,5841,2408,4684,3649,48871,5013,604,516,1791,1901,1035,545,632,791,1752,2108,1206,1555,4242,2641,2161,5928,14452,114909,817,1429,15431,873,8758,2435,2209,13302,7090,5757,7982,2741,7801,3171,13612,21499,154996,12400,17173,5766,6799,18648,2861,5394,2626,2630,13539,750,1833,3383,1325,11987,9000,38881,65737,2756,630,1670,8669,8570,4694,455,6998,7846,7537,2452,3027,1843,8590,43101,6940,4399,11589,2580,3476,7977,4821,1318,181507,7699,9289,2247,22489,30789,4735,13936,9231,5222,36279,9140,15240,15210
R18201,福井県,福井市,2.98,982320,85266,27653,9134,23054,3910,2581,1193,4406,4918,2127,372,583,2869,2467,69388,2338,756,513,992,1524,4162,799,200,610,4012,2114,1220,2206,4001,5641,5768,266,326,446,616,360,1997,1946,1687,271,5948,2040,1985,3206,1757,790,2531,776,2073,3511,93917,23744,27377,16253,3166,3399,4858,8288,2310,4521,46143,14636,440,12416,1152,5306,640,11552,106030,2573,2345,1243,2871,2170,2319,892,5577,1290,2874,1463,1555,2228,706,3653,811,551,3049,1159,1342,3433,2231,8517,1689,2069,1626,1427,2129,2837,502,258,2872,1814,1327,2773,4974,5722,4384,824,1643,1357,1048,483,5113,1968,406,1934,37495,4105,4971,464,1822,2050,2805,704,657,1618,812,2781,5416,2209,3750,3331,41763,3968,620,464,1664,1996,1099,800,708,676,1719,1872,913,1417,3318,2162,2374,4702,11291,96846,1542,612,11814,783,6429,1819,1725,8970,7989,4909,6586,2502,6158,2472,11569,20968,156566,12431,16597,5220,5638,15075,1660,5902,3437,4346,17773,799,2075,3952,1717,9525,5078,45340,56715,2253,507,1392,7409,6598,6071,288,6539,6127,5576,2488,3091,1312,7063,40092,6362,4857,12224,1815,2092,6744,5139,859,152099,6180,8255,1564,17297,24470,4062,10998,9342,4360,35239,5960,11733,12639
R19201,山梨県,甲府市,2.83,998844,80410,23489,9082,21483,4231,1901,1423,4960,5781,1921,575,521,1875,3169,76807,8496,877,159,983,487,4832,896,381,402,1764,1772,879,2483,1433,4519,3076,714,562,477,1162,434,3525,2212,2501,1127,6727,2382,2029,2965,1533,780,5180,1178,3301,4578,88507,15125,33517,16055,2499,3032,4455,8026,2585,3213,50379,13433,1620,14896,1104,6852,799,11677,106399,2913,1998,1110,3214,2863,2511,905,6277,1140,2592,728,1786,2542,903,3683,1117,622,3445,1575,1657,3958,1651,7188,1995,1866,1856,1148,2369,4926,353,230,2652,1601,550,2811,4611,2467,5395,954,1474,1178,1146,694,5548,1355,451,2388,42164,3865,4547,542,2224,869,7301,749,2355,1072,404,3087,5225,1809,4262,3853,46513,4642,673,443,1504,2075,939,808,707,714,1628,2589,1232,1368,3898,2364,1916,5109,13904,94468,671,630,9122,807,6750,2510,2049,9749,5291,5138,6626,2328,6493,2377,11983,21944,158402,18334,16129,6154,6165,21204,2212,7043,2334,3163,14081,1340,2026,3619,2101,9743,2052,40703,62652,3160,747,1512,9595,6805,4898,369,6828,7206,5266,2773,3854,1672,7966,41911,6148,5331,10399,3083,3919,6941,4971,1118,150232,6453,7372,3381,13456,23311,3802,10221,5340,6527,41622,8862,10146,9739
R20201,長野県,長野市,2.83,1012441,84046,23545,9562,21823,5068,2894,1577,5245,5646,1937,858,941,1851,3098,75382,4775,533,278,980,922,5260,785,481,657,2098,1850,914,2825,1589,4809,4479,439,249,483,1101,275,4052,2523,1857,659,6662,1936,2378,3426,1595,772,4924,1609,3844,3362,80441,11931,32506,13488,2137,1996,4977,7915,2823,2670,51589,15803,376,13258,1237,8321,655,11939,113955,3035,1865,1228,2556,2201,2763,825,7971,1101,2350,742,1909,2607,869,3732,1239,938,3465,1730,1738,3755,2003,7502,2210,1845,2185,1725,3300,4593,480,296,2690,2202,676,3322,5172,2892,6046,1077,1769,1593,1242,442,5598,1798,503,2172,48059,8349,4299,427,2755,1029,5056,601,3056,2160,785,3439,5290,1958,4618,4238,51727,5552,632,494,1738,2941,1331,1004,700,689,1802,2414,1451,1583,4208,2867,1930,5392,14998,98583,1246,662,9755,713,7099,2276,1639,8506,6982,4118,5602,2443,6842,1952,12818,25930,143234,16012,15531,5569,7678,20600,2292,5252,1895,2223,12088,1218,1885,2588,1038,11857,980,34527,60166,3403,709,1243,7836,8435,5004,380,6224,6336,4779,2330,3608,1236,8644,46026,6556,4771,14154,2574,3858,8205,4451,1457,159232,7129,8997,2469,16181,19691,3696,10322,7284,4617,44565,6993,15251,12037
R21201,岐阜県,岐阜市,2.96,1025849,81732,23515,11286,21410,3576,1939,1397,4575,5091,2127,685,736,2058,3337,68707,4591,752,378,1100,762,5303,971,512,990,3122,1658,1139,3186,1812,4358,3565,395,227,701,1028,287,1924,1488,1730,564,6090,1746,2124,2951,1864,965,2711,1394,3196,3122,95571,20588,31590,18213,3568,2413,5551,8141,2355,3152,51321,13769,192,14526,1250,7141,638,13805,108278,2799,2186,1279,3704,2466,2516,948,6142,1305,2944,980,1712,2497,968,4317,1083,485,2938,1973,1635,3413,2177,8761,2129,2327,1729,1553,2267,3303,532,495,3247,1192,525,3191,5326,2894,4588,901,1516,1214,1186,430,4518,1455,416,2113,41458,5012,4202,554,1780,1531,3346,2109,999,1406,675,3592,6184,2281,4412,3374,48929,5072,729,465,1921,1966,1250,743,779,834,1733,2330,1288,1321,4207,2630,2237,5526,13896,101147,407,1112,12982,738,7865,2373,1876,11806,7572,5519,7894,2615,7317,2483,10775,17812,134966,13527,14907,5267,5499,17331,2512,5540,2412,2214,12611,925,1959,1897,1671,9613,4090,32991,63217,2550,710,1690,9013,7544,6183,413,7150,6263,6382,2483,3346,1754,7736,38096,4249,4564,9931,2706,3655,7307,4431,1252,192428,8974,8075,2591,18914,42343,8710,18601,9434,6144,32408,14750,9245,12240
R22100,静岡県,静岡市,2.87,1093404,87021,27812,10060,22576,3412,2246,1484,5212,5347,2003,926,646,1709,3589,77975,10654,1022,301,1731,475,4780,783,381,486,1631,1576,947,3243,2038,4541,4597,470,316,629,1159,355,2341,1672,3148,1009,5676,2217,1820,2907,2650,1030,3054,1818,3223,3298,94627,16099,35509,17949,2907,2763,4802,8137,3105,3357,50456,13784,700,14421,1586,7361,722,11880,118162,3413,2125,1350,4400,3192,2841,998,6725,1381,3454,914,1958,2642,887,4555,1495,693,3406,2148,1851,3548,2235,8748,2413,1996,1931,1251,2543,4507,346,366,3422,1687,771,2676,6289,2965,4841,935,1672,1270,1277,817,4861,1236,386,2743,42502,4445,5626,363,2511,1134,3359,913,1283,1541,968,4664,6015,1818,4056,3807,49292,4655,594,485,1535,2490,1050,762,889,763,1463,2353,1475,1577,4351,3160,1946,4971,14775,105235,1143,938,11112,807,7416,2491,1940,11923,6695,6374,7255,2676,6526,2619,12567,22755,171937,24128,17765,6448,7718,21199,3563,7630,2659,2485,14850,1445,1993,3327,2428,11970,4466,37864,65947,8749,721,1298,7894,6192,4260,313,7361,6668,5587,2340,4114,1707,8745,42180,4847,5318,11920,3721,4342,5989,4248,1794,188071,11270,9046,3599,21387,33436,6607,16842,8113,6611,34013,8540,17769,10837
R23100,愛知県,名古屋市,2.98,1099555,88394,23172,11848,24663,4641,1979,1578,5220,5169,2258,733,614,2011,4506,73248,6783,901,317,1327,663,5059,930,446,975,3106,1806,1016,3049,1554,7168,4117,515,237,866,844,353,1862,1513,1607,589,5758,1861,2148,2992,2098,887,2554,1120,3119,3109,102695,24926,33253,18569,3765,2358,5729,8598,2505,2993,54371,17230,1024,15312,1371,6639,718,12078,114325,3172,2094,1377,4070,2727,2583,909,6966,1325,2963,1189,1723,2655,913,4271,1068,656,3117,1998,1876,3369,2497,9446,2534,2032,1618,1383,2441,5384,350,435,3436,1376,537,2924,5709,2702,4223,935,1625,1164,1191,541,4868,1236,466,2251,43714,4341,4355,623,2102,1780,3586,1088,1016,1932,930,3935,6313,2565,5783,3366,48490,5400,719,347,1645,1905,1038,645,820,831,1645,1935,1361,1284,4188,2810,1985,5451,14480,103210,756,1578,11951,872,7910,2274,1840,10927,7060,5517,6272,2488,7065,2613,10672,23414,153628,17115,16201,6177,6080,20477,3124,5885,2331,2031,12092,1205,2145,1998,1816,9243,4167,41539,61353,3092,1054,1855,8295,7585,5337,434,7061,6151,5598,2143,3787,1352,7611,40322,5253,5015,9648,3378,3639,6861,5361,1167,215806,8503,8076,3750,18959,36901,6851,18154,11173,6347,59906,14148,14328,8710
R24201,三重県,津市,2.90,990453,77877,19602,10115,22968,3569,2093,1296,4243,4747,2299,718,849,1912,3466,76659,5996,909,469,2027,551,5168,843,566,733,3968,1595,1121,3589,2752,6937,4744,326,93,860,1120,300,1941,1203,1545,534,6753,2254,2130,2950,2080,1008,2259,1289,3073,2976,103119,30182,30395,18370,3422,2420,4391,8374,2357,3209,53167,16838,620,15694,1305,5847,664,12198,95687,2522,1480,1212,3265,2233,1888,875,5126,1170,2344,557,1439,2498,974,3679,835,413,2968,1183,1535,2516,1951,7141,1989,1931,1738,1329,2187,3809,264,303,2926,1149,486,2853,4849,3157,4103,1024,1483,929,994,435,4134,1081,379,2354,40171,4318,4854,291,1263,2446,3681,1057,680,889,789,3799,6172,2209,3861,3862,46456,4508,645,382,1894,2024,1189,864,755,708,1665,1851,1338,1313,3752,2720,1922,5137,13790,98927,639,827,11240,1044,8051,2020,1720,9299,7638,4411,5805,2354,6982,2334,10654,23910,141257,17873,15555,4912,5183,16726,2381,4947,2715,1817,10904,898,1785,1509,1618,9625,2354,40455,59298,3101,566,1551,8487,7107,4973,439,7048,5308,5619,2336,3299,1429,8034,33623,4574,5528,9525,1130,1812,5562,4444,1049,164212,4775,5839,2414,14273,22100,3991,8068,8222,5439,63059,6941,11297,7794
R25201,滋賀県,大津市,2.86,1087260,87845,21222,11653,27245,4190,2000,1529,4289,5613,2542,721,657,1789,4395,72310,3374,853,335,1469,1509,4992,947,431,1256,3629,1683,1079,2859,1656,7107,4555,241,181,704,775,255,2404,1833,1853,498,7126,2305,2226,2451,1356,936,2567,1267,2493,3107,108911,30616,31606,20528,4239,2923,5807,7960,2362,2871,54613,17760,597,13884,1352,7620,724,12676,112873,2999,2224,1573,3755,2565,2447,934,6522,1681,2862,758,1669,2468,911,4678,1122,575,3401,1561,1580,2963,2342,8321,2575,2062,1910,1258,2651,4903,378,302,3280,1213,938,3069,5417,3468,4116,1147,1602,1467,906,566,5526,1549,327,2330,39652,4577,4254,504,2057,1453,3115,1053,981,1568,710,3101,6478,1806,4162,3833,49975,4833,776,477,1853,2142,961,866,931,745,1724,2262,1591,1406,3953,2668,2026,5563,15201,107259,697,563,11771,595,7985,2030,1877,13080,7323,5965,6709,2950,7028,2642,11849,24196,156989,15228,16672,5728,6280,19543,2811,5831,3172,2534,12787,1089,2351,1850,1561,9882,9507,40162,62558,2460,983,1692,6486,9988,5843,445,7754,6891,4017,2478,3547,1778,8195,42644,5029,3813,13636,1639,3352,9186,4872,1116,191630,6905,7276,2560,14414,23160,6352,11530,9745,7063,64542,9901,17732,10450
R26100,京都府,京都市,2.79,1095249,87119,23011,12327,25967,4383,2083,1396,4280,4409,2416,605,692,1895,3655,77031,3287,1090,437,1669,1662,5347,1113,420,1633,3799,2063,1375,3228,2056,7915,3857,361,294,982,917,373,1869,1847,2523,573,7294,2210,1888,2639,1252,907,2965,1581,2490,3114,112380,34543,32011,21377,3951,3164,5252,6824,2352,2906,54491,18876,829,12253,1894,7148,986,12505,125687,3028,2435,1772,4223,2874,2787,997,7782,1613,3162,779,2073,2849,1014,5041,1171,1230,3638,2222,1867,3361,2965,9252,2990,2149,1847,1200,2487,4812,463,331,3028,1421,1072,3549,5370,4153,3680,1422,1727,1544,1083,556,8188,1427,654,2396,44446,5743,4198,367,2434,1514,3929,1419,1248,1718,751,3809,6633,2778,4362,3543,49183,5070,671,401,1859,2008,906,867,844,770,1619,2062,1762,1272,3936,2919,1605,5875,14735,105711,873,747,12571,1023,7697,2058,1919,12477,7328,5609,5298,2785,7161,2312,11187,24665,149225,13564,16725,5109,6930,19254,4050,5424,2800,2313,11530,1008,2324,1591,1571,10633,4024,40375,59929,3458,1246,2103,6032,9434,4858,340,6739,6624,4428,2658,3310,1307,7391,47127,5462,5416,14405,2760,4737,7980,4490,1877,182920,5576,6498,2356,16946,25284,6753,14504,8095,5467,59531,10345,15109,6457
R27100,大阪府,大阪市,2.90,1070480,87796,23094,12141,25456,3860,1938,1284,4260,6665,2647,595,607,1556,3693,77080,4449,974,266,1712,1228,4358,707,311,1651,4023,2133,1493,3898,2814,8326,4232,308,225,773,1073,355,2475,1802,1445,258,6968,2797,2141,2812,1159,811,2316,1135,2191,3462,113359,32582,32829,21154,4342,4569,4503,7783,2067,3529,49905,15300,1474,12701,1384,6004,722,12321,110546,2736,1958,1832,3996,2697,2362,1095,6933,1411,2947,687,1798,2397,825,4635,1322,879,3232,1653,1552,3119,2167,8569,2538,1835,1655,1274,2231,5065,311,308,2838,1188,840,2508,4890,3189,3013,1079,1714,1713,1219,678,5785,1295,391,2186,40740,4075,4004,520,2134,1552,3719,1194,1090,1491,708,3538,5826,2223,5187,3479,47798,4252,797,369,1609,1748,921,533,949,772,1740,1934,1352,1406,4229,2601,1683,6277,14626,101288,479,591,10281,866,7604,2179,1747,12561,6678,5082,7013,2632,7030,2794,11924,21828,166371,17051,17674,6018,6724,22706,2828,6845,2536,2465,14196,1222,2219,2281,1788,10380,3719,45722,64386,2109,840,1605,7317,7239,5718,332,7157,8127,6537,3583,4244,1624,7956,47535,4809,4735,11759,2208,2954,11827,7850,1394,163676,5000,5526,2111,16281,29611,6305,10577,7733,7059,50653,8832,12845,1143
R28100,兵庫県,神戸市,2.72,1087086,88389,21908,14204,26360,4000,2249,1298,4275,4886,2281,929,634,1500,3864,78008,3285,1208,519,1526,1125,4944,806,466,2271,4150,1827,1503,3603,1928,9464,4250,250,233,1179,991,332,1938,1495,1452,359,7071,2784,2142,3185,1273,862,2316,1419,2618,3234,110180,33653,32211,20288,3623,3767,5286,6639,2380,2333,54896,17427,696,14537,1531,7243,724,12738,116512,3160,2031,1696,3953,2733,2458,970,7749,1473,3002,713,1805,2674,913,4643,1328,765,3564,2021,1767,3191,2259,9642,2668,2127,1821,1147,2133,5264,558,413,3064,1371,857,3038,5604,3527,3559,1298,1698,1415,1114,574,4772,1162,556,2259,44755,5442,4474,689,2627,1481,3520,1257,1039,1483,579,3395,6639,2937,5125,4068,47775,5079,793,438,1712,1829,1094,718,988,703,1524,2079,1467,1163,4040,2743,1385,5332,14688,98091,580,659,9546,896,7299,2146,1631,12958,6560,5259,5409,2122,7615,2095,10095,23221,154162,16241,17310,5331,6833,18917,3396,6318,2581,1985,11472,1030,2020,1971,1461,8744,4521,44032,61194,2311,1345,1945,6358,8277,4175,375,6883,6443,6327,2653,3777,1048,9276,44459,5888,5044,12919,3532,3345,7177,4983,1571,188666,6299,4883,2484,12235,24818,7416,12110,5966,5041,76438,10159,15840,4977
R29201,奈良県,奈良市,2.88,1079296,83594,20670,12280,23876,3663,2766,1361,4217,5119,2264,675,760,1891,4053,78599,3978,848,437,1674,1535,5376,1005,590,1761,4010,1785,1420,3539,2647,6898,4278,250,239,767,926,194,2899,1727,2546,447,6826,2787,2200,3078,1418,939,2588,1041,2879,3067,110931,33909,32480,20466,4140,2762,4820,7471,2623,2259,55682,18523,400,14276,1543,7144,832,12962,115767,2956,2373,1703,3552,2699,2963,885,7048,1602,3056,772,1800,2746,928,4649,1218,766,3202,1707,1878,3098,2262,8450,2529,2349,1878,1291,2252,3958,352,278,2588,1416,748,3106,5493,3937,3792,1429,1692,1613,1166,504,6370,1612,507,2594,46138,5199,4610,489,2732,1771,3276,1753,1714,1643,710,4514,6305,2482,5086,3853,49821,5141,801,446,1912,2030,1087,798,962,744,1670,2214,1716,1414,4140,2752,1800,5571,14624,106344,648,939,12943,748,7396,2159,1908,11914,8111,5903,6567,2559,7704,2608,11571,22666,146987,14257,18853,4758,7212,20374,2831,5524,2656,1741,10370,1060,2189,1695,1415,10311,4164,37580,59781,2856,965,1834,5783,8426,4430,438,7555,6394,6391,2438,3468,1623,7180,42092,5969,5403,10026,1699,3036,8976,5460,1523,183561,6915,6707,2333,17405,28504,6472,12769,7313,6622,59443,10058,11124,7895
R30201,和歌山県,和歌山市,2.75,944110,84424,23883,12010,25180,3335,1733,1121,3942,5712,2080,479,566,1577,2806,73738,4377,954,436,2142,747,4380,1140,469,1342,3717,1826,1263,3798,3187,6654,3871,193,253,719,804,294,1832,1313,3017,482,6910,2889,1839,3071,1275,1003,1519,828,2394,2802,104580,33135,30712,18483,3272,3308,4463,6892,1978,2338,44944,14205,556,11194,1248,4185,553,13002,92402,2329,1740,1615,3216,2259,2117,903,4826,1438,2602,729,1508,2069,691,3883,798,554,2616,1588,1344,2869,1923,6655,1790,1611,1435,1136,1756,2695,439,402,2878,987,797,2412,4468,2435,2289,970,1256,3022,979,414,4357,1393,483,1727,39902,3664,5699,358,1936,1159,3077,1338,2664,1654,664,3082,6555,1608,3707,2737,42884,4228,734,340,1684,1540,1094,722,806,787,1705,1662,1382,1310,3141,2118,1668,5626,12338,86525,548,933,8402,860,6847,1807,1857,9345,4737,4017,4744,2091,5671,1792,11175,21696,140479,17524,17697,5046,5189,16847,3697,5095,2459,2197,12286,959,1954,2283,1834,8544,3253,33613,62210,2259,577,1591,6063,7804,5942,304,6855,6077,8007,2587,4605,1570,7970,38126,5485,4551,10843,1886,1324,8413,4651,973,133894,4296,5243,1845,13130,19619,4681,7438,6461,5117,48556,6544,8580,2384
R31201,鳥取県,鳥取市,3.02,950959,76013,17777,10986,21100,3413,2050,1309,3940,5756,3534,436,767,1626,3319,71134,1822,1033,969,1451,2823,4416,1039,470,608,3019,2465,754,3327,4602,5173,2445,256,618,947,769,333,2356,1620,912,248,8583,2322,3327,2349,2100,591,1949,754,2072,2608,95159,20104,31228,18979,4754,2837,3960,8360,2443,2494,49948,17000,526,11661,1080,5311,557,13813,96833,3130,1937,1533,3187,2460,2575,1333,5568,1178,2579,487,1588,2552,982,3873,467,363,2927,1241,1078,3111,1895,6649,2029,1823,1953,1487,1991,3177,411,190,2442,1290,518,2478,5612,2955,3349,957,1619,1149,1197,1273,2784,1117,383,1954,41926,4280,3711,564,1381,7173,3245,1198,596,2591,1026,2497,6204,1577,2939,2944,47901,4623,748,461,1989,1818,1667,742,951,809,1867,1904,966,1713,4039,2559,2019,5785,13239,98409,528,1758,10224,820,8550,2138,1852,9385,5912,5439,8125,2564,7483,2742,11874,19016,129265,17300,15150,5072,6141,14390,2376,4409,2305,1876,12415,580,1488,1938,1223,12138,1451,29014,57116,1546,432,1572,5218,7887,6243,429,6741,7735,4910,2805,2405,1764,7431,42625,5231,5678,11938,2340,1677,10761,4138,864,144630,4407,6110,1518,15461,25000,3930,9035,7148,5584,32079,6606,12808,14945
R32201,島根県,松江市,2.96,965425,78817,19607,11697,19822,4184,2886,1485,4768,5320,2919,433,592,1591,3512,68813,1663,2054,808,1272,1721,5020,1310,375,966,4116,2170,839,2652,1177,6482,2435,270,1785,532,545,591,1903,1132,953,538,7384,2583,1659,3605,1498,760,1867,517,2642,2989,95380,19614,30942,20117,4234,3316,4099,7671,2462,2925,49839,16814,856,12554,1233,5733,533,12117,103768,3534,1954,1488,3594,2414,2231,1224,5621,1295,2653,742,1587,2832,980,4327,664,415,2964,1128,1493,3499,1938,7295,2274,1913,2068,1436,1984,3156,596,255,2954,1441,815,2908,5582,3140,3586,1115,1617,1364,1019,607,4401,1045,343,2275,40440,4717,3627,587,1880,3634,3708,1042,547,1622,1310,3169,6184,1938,3551,2923,49132,4751,741,385,2020,1921,1223,754,872,731,1746,2721,1404,1613,4036,2542,2074,5943,13657,93009,640,881,10356,528,7283,2039,1762,8436,5457,5553,7374,2740,6272,2232,10908,20546,142856,15969,16862,5574,6274,15882,3174,4836,2531,1866,12888,753,1908,1949,1565,11301,4608,34917,56664,2890,615,2012,5892,8425,4731,436,5863,7766,3962,2869,3273,1302,6628,46442,5969,7019,13064,2068,2323,9760,4992,1246,140265,7078,7451,2673,14319,21667,3284,6347,8739,5952,31081,6204,13614,11855
R33100,岡山県,岡山市,3.00,1010946,80947,18105,10802,26156,3403,1780,1411,4350,5897,2379,488,610,1797,3770,61438,1829,911,354,1539,905,4862,810,461,1298,3567,1533,922,2818,957,7211,2787,302,252,1200,935,206,2186,1079,925,275,5793,2009,2039,2427,1290,749,1565,617,1894,2935,100288,21906,33603,20728,4829,3609,3598,7177,2491,2347,51066,16664,429,13520,1425,6501,823,11705,95920,3190,1748,1420,3348,2195,2305,1086,5376,1362,2666,387,1377,2653,998,4378,851,310,2352,1043,1304,2742,1540,7246,1931,1602,1706,1399,2038,4659,240,221,2453,1153,472,2659,4883,2795,3783,845,1419,1075,952,592,3650,988,322,2205,40275,3783,3930,423,1845,1289,4569,497,3933,1192,578,2892,6078,1859,3963,3443,46113,4227,673,417,1624,1606,995,614,1043,727,1591,2042,1244,1413,4471,2541,1923,5182,13779,105712,716,1487,8899,805,8678,2391,1909,12809,5166,5714,7574,2533,6878,2561,12357,25235,148507,20038,13268,6434,7022,20416,1915,5852,2045,2057,12604,836,1918,2633,1441,9772,2388,37867,65974,1743,985,1832,7177,8162,5816,438,7749,6979,5733,3827,4133,1959,9439,39451,4607,6176,9012,1380,1786,9600,5794,1095,175255,8254,7732,3380,13004,21021,4122,9658,11249,6498,56126,9804,11104,13303
R34100,広島県,広島市,2.90,1025647,85544,21049,11553,26581,3404,2196,1449,4471,5697,2685,588,726,1473,3670,64107,1832,1258,435,1346,892,4755,624,397,1363,3016,1888,1265,3139,1297,6265,3245,371,144,2191,820,421,1698,1408,752,202,6120,2264,1905,2709,1394,733,1460,478,2535,3485,106670,28096,31839,19571,4242,4127,4989,8291,2374,3142,51692,15779,926,13808,1415,6391,802,12571,98085,3179,1729,1451,3634,2364,2503,993,6062,1187,2891,602,1489,2484,885,4227,1065,475,2589,1329,1353,3174,1673,6962,1976,1823,1984,1193,1910,3672,373,303,2783,976,559,2492,4869,2541,3453,994,1572,1166,1074,646,3984,900,287,2254,36636,4378,3436,462,1921,978,3257,845,833,1340,640,3055,5959,1986,4029,3518,46166,5072,712,394,1772,1933,981,653,1250,690,1646,2067,1285,1368,3785,2114,1820,5363,13261,98054,393,875,10331,716,8263,2325,1653,10643,4617,5661,6507,2809,7371,2589,11369,21930,160743,21590,15338,6735,6749,23924,1946,5996,2120,1905,13813,809,1720,2549,1113,10311,8459,35667,62637,1574,889,1854,6987,7999,5399,355,7905,8255,4799,3299,4102,1787,7433,50091,4833,6456,15228,2136,3989,11111,4954,1385,165221,7968,7196,2669,14072,25981,3944,9266,8047,7497,48587,7832,14765,7398
R35203,山口県,山口市,2.75,971148,73021,16322,10398,21355,3799,1946,1229,3618,5743,2661,472,742,1342,3395,71403,1450,2465,600,1188,1471,4615,1006,340,1816,4340,2161,1024,2956,1322,6749,4284,334,248,679,855,362,1743,1784,975,587,7311,2464,2460,4225,1532,670,1504,494,2533,2855,102792,28655,29500,19617,3968,3281,4287,7978,2564,2942,50248,15985,524,13508,1458,5965,647,12161,94992,2821,1642,1438,3349,2403,1850,999,4937,1001,2423,601,1414,2568,1160,3829,917,380,2429,1004,1499,3028,1726,6709,1669,2177,2039,1395,1880,2600,420,260,3064,1340,702,3046,5087,2686,3718,704,1484,1287,1094,862,3786,1015,661,1886,37689,4738,3106,341,1893,3198,3948,624,583,1405,786,3426,5767,1672,2945,3258,47229,5255,650,436,2063,2322,1345,775,915,755,1703,1819,1226,1393,3722,2424,2232,5384,12811,97524,375,1434,12205,840,7440,2424,1950,10797,5702,5606,6935,2463,7255,2802,11606,17688,143440,21017,14395,5287,8043,18430,1770,5210,1843,1887,13150,700,1640,2097,1661,11142,3908,31259,61410,2032,643,1867,7101,8046,5376,438,6617,8092,4830,3102,3313,2230,7722,47720,5097,8551,12549,2777,2679,10334,4468,1266,143679,7812,5299,2115,14025,28181,3482,12695,9195,5567,23324,6410,12206,13369
R36201,徳島県,徳島市,2.88,974334,79663,20080,10698,24504,3538,2571,1152,3391,5216,2155,478,686,1411,3783,66425,3852,776,266,2286,465,4738,663,329,1376,3936,1621,923,2699,1293,5302,3607,357,366,599,684,204,2102,901,859,203,7458,3022,3044,2572,1475,931,1843,709,2213,2752,95177,25999,28740,18659,3990,2948,3673,6634,2113,2420,48701,15505,1296,13616,1329,5220,779,10955,97141,2766,1608,1638,2951,2280,1972,1053,4956,2314,2540,429,1439,2310,651,3989,938,502,2175,1278,1404,2917,1790,7145,1841,2151,1713,1330,1716,3903,394,227,3933,1670,634,2373,6064,2609,3082,936,1453,1250,1149,635,3659,966,357,2053,40572,4997,3845,394,3584,1876,3550,742,920,1333,710,3818,5136,2002,4073,3590,44490,4602,541,360,1737,2174,1052,747,884,684,1565,1876,1156,1341,3477,2585,1583,5493,12632,95136,492,1023,10365,886,7637,1730,1797,10932,5337,5047,6066,2412,6467,2594,11224,21126,144035,15153,16719,5335,6811,17359,2529,5320,2231,2373,14117,696,1623,2845,1432,9848,3034,36610,62234,2040,667,1419,7071,8116,4681,297,7166,7731,4643,3690,4398,2214,8101,36679,4045,4688,9923,1993,2446,8391,4170,1023,164080,7652,5643,2021,14859,26798,4872,10536,8429,7380,44659,8181,11124,11926
R37201,香川県,高松市,2.70,976224,78384,16849,11703,22023,6243,3561,1209,3930,4737,2389,436,691,1511,3101,69591,2025,1310,343,2243,1063,4607,961,513,1519,4514,1737,1174,3242,1486,5658,2909,435,311,1618,801,219,1631,1221,1010,249,6838,4199,2186,2891,1448,829,2304,785,2291,3021,95777,25036,29124,18021,3758,3867,4883,6694,2186,2210,46871,15830,876,12122,1060,5345,831,10808,92311,2544,1766,1494,2918,2195,2005,900,5193,1193,2424,481,1410,2396,886,3640,900,447,2433,1179,1391,2865,1851,5858,1793,1929,1881,1113,1852,2522,351,179,2597,1377,644,2536,5656,3503,3005,1047,1602,1202,1002,575,3771,1142,417,2247,40540,4397,4576,536,2365,1925,4262,1110,1462,1539,563,3765,5910,1631,3362,3137,46053,4687,689,430,1907,1854,1328,850,978,645,1490,2073,1175,1370,3929,2382,1600,5736,12933,94422,602,1705,10938,1053,7445,2267,1584,10962,6509,5127,6915,2480,6246,2417,10056,18117,138541,16481,14903,5270,6758,17104,2409,5303,2276,2132,13202,690,1675,1732,1373,9591,5167,32476,64715,2323,837,1411,7530,7274,6030,468,7350,8250,4667,2921,5193,1733,8727,41414,4883,5941,11510,2259,1974,9032,4861,955,167605,16371,7345,3118,14160,34804,6351,17179,10515,5785,22935,8584,12557,7901
R38201,愛媛県,松山市,2.80,891939,76077,17920,9069,24716,3606,2207,1420,4172,4790,2365,478,710,1541,3084,65916,1676,1334,611,2167,571,4819,882,494,1894,2854,1712,1024,3279,1453,7116,2915,390,143,862,789,170,1272,1052,1081,259,7219,3211,2946,3173,1364,813,872,413,2116,2969,98362,26942,31065,17424,4078,3048,4113,6935,1891,2867,43613,14166,820,10773,1079,4409,591,11775,93999,3031,1549,1449,2943,2412,1942,1048,5186,1150,2588,751,1361,2531,1139,3730,1071,428,2876,1310,1457,3028,1662,6582,1710,1653,1920,1312,1601,4448,354,249,2656,1166,535,2441,5425,2655,3383,753,1667,1067,988,364,3284,809,333,2002,38764,4400,4541,159,4991,1355,3133,930,778,1330,646,2619,5593,1690,3738,2863,44276,4646,593,379,1760,1885,1154,731,986,651,1694,1935,1064,1444,3110,2252,1942,5317,12733,89266,654,574,9383,574,6546,2204,1404,9232,4776,3692,5542,1998,5863,2183,10189,24453,126516,14755,15265,4478,3847,14937,1837,3959,1930,1521,11074,580,1625,1677,1044,8935,2573,36477,55789,1939,517,1280,4898,7273,4608,362,6552,6321,6290,2421,3575,1838,7915,36741,3813,5154,10102,1577,1367,9545,4319,864,122620,6510,4323,1031,9913,15661,2426,4479,6869,5119,44462,4825,7869,9133
R39201,高知県,高知市,2.87,991084,76190,19279,11843,20466,3712,1600,1216,3249,6568,2900,468,540,927,3421,70230,4174,1029,242,7370,307,4224,975,247,1553,3572,1829,1099,2986,1454,4141,1365,493,248,734,897,294,1477,966,2598,848,6610,3186,2319,3402,1313,1204,1366,422,2335,2953,91340,22641,28056,18098,4359,3363,3537,6951,1883,2451,46277,12380,2149,11926,984,4503,507,13829,91226,3168,1735,1535,2885,2467,2181,1001,5684,1003,2220,404,1353,2198,797,3600,501,604,2163,1129,1384,2984,1471,8435,1754,1741,1471,1311,1639,2823,235,140,2420,1293,538,2201,5160,2289,3064,781,1867,867,1318,1930,2163,907,287,2124,37026,3807,4244,302,4621,2045,2220,746,770,1444,652,3538,4963,1870,3648,2156,43647,4050,597,389,1616,1747,964,650,937,759,1599,2203,974,1470,3470,2454,1894,6184,11690,95403,822,861,8720,819,9020,2021,1866,10877,4144,6869,7667,2287,7543,2706,11760,17421,150353,25093,15857,6583,5896,20319,2007,5785,1989,1500,13773,472,1284,2049,1378,11865,3638,30868,61382,1708,558,1543,7561,6378,6218,389,7354,7614,5080,3475,3447,1801,8257,46280,3596,5280,9914,1927,2503,15854,6013,1193,181728,7675,10380,3177,18244,26328,6077,13793,17695,7985,28667,6801,24282,10623
R40130,福岡県,福岡市,2.90,1009050,79041,21080,9978,24613,2691,1705,1403,3673,4684,2597,652,691,1590,3684,65888,1437,1222,548,784,801,4197,977,242,1625,2969,1605,841,2936,1270,7085,5579,302,96,591,791,259,983,4511,722,408,6683,2380,1793,2483,1236,822,2187,444,2211,2868,103550,26080,31282,22501,3676,3558,4322,6906,2403,2821,48848,15018,1417,11805,1174,7030,607,11797,102860,3218,1472,1307,3078,2374,2230,1045,6091,1434,2959,855,1417,2459,1085,4340,862,662,2831,1270,1351,3262,1826,7570,2217,1718,1644,1199,1801,6363,443,538,3193,1563,708,2989,4634,2454,4654,757,1419,944,995,536,4023,791,348,1928,37509,5089,3653,326,1634,1783,2290,1100,724,1212,363,3121,5271,2110,4747,4086,46835,4927,553,414,1746,2248,1074,701,777,777,1736,2240,1213,1327,3673,3390,1926,4874,13240,96168,524,1232,9243,669,7514,1938,1398,8680,4236,4593,5857,2665,6632,2311,11523,27154,141067,23357,12783,5329,5764,17618,1523,3978,1619,1597,10593,767,2143,2115,1408,9922,3791,36761,59121,3279,798,1530,6519,7719,4373,336,7391,6982,4083,2030,4266,1090,8725,44685,5239,7625,11173,1814,4200,8742,4431,1462,183479,7681,6750,2109,12373,21691,4520,10345,8372,6589,62763,7864,19832,12590
R41201,佐賀県,佐賀市,2.85,960957,75891,21754,8989,21428,2789,2342,1235,3242,5635,3035,430,530,1483,2998,64470,1756,1618,546,774,1375,4575,834,303,1901,3281,1576,696,2698,1591,5458,4258,308,214,647,629,211,1659,2180,592,337,5556,3627,2547,2938,1391,925,2070,417,2086,2898,101529,25868,30738,20195,3846,3348,4924,6741,2359,3509,44439,13271,725,12105,970,5424,524,11420,98363,3088,1687,1483,2982,2002,1841,1216,4290,1157,2657,692,1269,2288,1198,4456,982,599,2550,839,1217,3172,1785,7113,1805,1842,1752,1396,1463,3962,433,375,5486,1140,639,2660,4959,3105,4182,687,1580,964,1080,576,4250,1015,408,2041,32217,3751,3144,223,1670,2010,1990,665,605,1333,665,2643,5540,1608,3021,3349,45868,4519,612,383,1912,2221,1308,704,696,658,1716,2179,1116,1562,4004,2802,1991,5350,12135,96277,1178,1080,9479,971,7151,2007,1912,9925,4151,5476,7961,3052,6422,2971,12094,20447,143898,18606,13591,5800,7438,18749,1774,5181,1897,1803,13116,1004,1624,1929,1693,13477,4740,31476,62070,4481,578,1552,7347,6655,4821,325,6141,8358,4990,2871,3636,1732,8583,42311,5056,7706,10255,1474,1942,11352,3533,993,153624,7476,7489,2421,14470,38039,3666,15066,9624,6000,21048,6639,12959,8728
R42201,長崎県,長崎市,2.81,970244,84899,25550,9796,25157,2923,1972,1342,4315,5577,2296,533,631,1560,3248,77894,1224,2381,672,1174,537,5226,931,188,1937,4554,1915,852,3485,2162,9173,5661,290,184,620,878,308,1103,1476,566,530,6446,4454,2401,6092,2062,777,1784,497,2167,3189,102155,24066,32215,19083,4940,3513,4532,7947,2773,3086,45764,13789,816,11186,1031,5676,561,12705,106214,3539,1516,1460,2859,2490,2281,1305,5305,1301,2892,759,1479,2281,1123,4180,831,614,2989,1244,1496,3425,1684,7661,2181,1842,1792,1264,1832,7425,411,491,3275,1603,975,2829,5094,3043,3958,965,1548,1473,1184,626,4041,980,352,2316,39866,5263,3437,182,1512,1415,2714,1177,858,1450,818,2882,5912,2161,6909,3176,47513,4962,656,363,1996,2615,1372,751,724,722,1699,2400,1030,1337,3909,2857,2045,4967,13106,95406,496,1243,9087,5953,6345,2456,1426,8176,4383,4369,6111,2744,5840,1986,11313,23480,148979,20902,14002,5396,5539,18066,2153,4877,2123,1587,13618,602,1916,2085,1652,8205,3781,42474,59908,4807,674,1541,7353,7394,4097,310,7947,6636,5312,2523,3041,1369,6907,34932,3994,6652,9581,1280,1929,7395,3388,713,126714,4381,4822,2059,10389,16976,2757,6824,5310,4124,47017,6327,8377,7349
R43100,熊本県,熊本市,2.96,1015711,76293,22938,8620,21182,2565,1929,1480,3340,5056,3039,594,711,1369,3471,60393,2027,1139,460,978,564,4449,784,298,2177,3022,1416,895,3554,402,5926,4883,254,63,491,705,261,1075,1927,610,286,5982,2025,2124,2436,1075,742,1525,648,2320,2872,108531,25465,31493,21906,4937,6344,4180,8052,2918,3237,47596,14554,735,10933,1299,6444,625,13006,99123,3180,1326,1234,2721,2224,2216,1187,5263,1110,2623,1012,1297,2324,1015,4382,742,358,2817,1202,1246,3440,1737,7450,2260,1752,1732,1357,1879,4394,432,367,2812,1382,479,2902,4779,2953,5436,836,1417,1152,814,490,3791,913,530,2158,35630,3726,3157,281,2820,1627,2881,800,506,2268,1540,2494,5015,1667,3478,3373,47559,4758,493,394,1873,2616,1131,891,781,818,1817,2438,997,1520,3952,2663,2362,4733,13322,97739,555,1396,9353,766,8660,2492,1778,8257,4274,5015,7164,2284,6904,2482,11277,25081,147109,22698,13379,4827,6840,17128,1631,5072,1584,1770,12633,655,1813,2328,1575,11050,5583,36544,59090,3874,695,1702,6968,6292,4189,375,7133,6926,5524,2246,3650,1532,7985,51116,4946,7530,12246,2578,5215,12553,4404,1644,185532,6055,6803,2213,13856,23978,4076,10093,8871,8015,57994,6445,22797,14336
R44201,大分県,大分市,2.81,960489,71389,18780,8893,20930,2803,1387,1328,3279,5370,2773,550,685,1176,3436,65636,1583,1648,723,841,985,4176,986,421,1640,3526,1443,829,3079,1434,6818,5521,269,209,648,723,356,1293,1960,597,571,6480,2560,1986,2663,1329,656,1855,601,2290,2936,109534,28403,32191,22590,4846,3575,4081,7698,2545,3604,43533,12528,707,10880,1099,5583,584,12154,94636,3050,1255,1335,2946,2391,1898,1068,5178,1223,2668,947,1393,2234,1107,4319,674,397,2172,1026,1119,3003,1766,6613,1789,1842,1837,1365,1521,4136,471,573,2832,1255,639,2528,4650,2730,4441,611,1570,1059,968,600,4116,949,528,1845,33692,3390,4046,288,1996,1619,2881,674,697,949,719,3007,4586,1698,3365,3776,44696,4667,562,400,1985,2217,1190,969,704,758,1629,1998,968,1417,4031,2510,1940,4736,12016,94970,636,1222,8663,720,7627,1793,1852,9459,4700,4705,7627,2460,7544,3042,10933,21987,141532,22816,13538,5526,6104,15658,1869,4006,1828,1836,14974,551,1721,2199,1439,11575,2214,33678,57712,3289,804,1570,7105,7106,5304,417,5920,7197,2560,2280,4351,1344,8466,44349,4143,9199,10343,1789,2950,9702,4985,1238,158810,6175,7316,2478,14959,23317,2674,9340,13677,7698,39942,6914,13241,11081
R45201,宮崎県,宮崎市,2.81,946448,75568,24318,8506,20389,3435,1545,1249,3415,4976,2544,460,591,1204,2938,61735,2528,1884,622,2200,599,3738,1310,253,900,2990,1436,722,2429,1267,6125,3998,228,249,419,543,163,1262,1647,413,623,6390,3091,1675,2368,1157,757,2031,492,2371,2856,99611,23588,30992,20458,3666,3022,3976,7391,2343,4175,44024,14581,990,10933,1150,5130,510,10731,97021,3515,1474,1535,2948,2462,2151,988,4757,1276,2764,971,1382,2255,961,4296,400,491,2995,905,1416,3324,1822,7253,1817,2071,1692,1352,1525,4421,466,476,2170,1084,580,2420,5275,2730,4124,591,1537,1122,1237,498,3717,976,456,2342,38513,4743,3523,183,3510,1391,2787,1075,458,1301,1291,2858,5682,1441,5517,2754,46362,4714,451,365,1745,2592,1485,860,641,670,1721,2193,964,1404,4156,2351,1816,5840,12395,88721,594,1400,9059,796,6154,2263,1615,7923,4793,4326,5802,2479,6448,2255,11382,21431,147199,19691,13958,5142,5600,17643,2832,4734,1608,2056,13705,625,3689,2061,1709,10727,3706,37712,62486,4604,441,1884,7865,5773,4506,459,6395,7436,5635,2567,4634,1816,8472,47092,2517,11724,10476,1410,2437,13011,4372,1145,138115,6821,7002,1995,13043,22268,1695,7828,7611,5398,37864,5715,10846,10029
R46201,鹿児島県,鹿児島市,2.83,947555,78657,24090,8913,22067,2905,2046,1410,3633,5097,2355,489,554,1503,3597,61962,2143,1115,651,1705,289,4621,1436,147,1568,3510,1267,786,3058,1034,4656,4231,281,181,296,729,268,1203,1251,498,410,4899,6111,1337,2448,1025,1026,2093,526,2681,2483,99004,21523,32875,21889,4255,2656,3823,6881,2341,2760,45050,13465,1229,11286,1009,5754,501,11806,97247,3293,1404,1280,2689,2612,2099,1219,5249,1593,2943,778,1630,2688,1038,4309,386,600,2412,928,1352,3229,1607,6481,1857,1966,1867,1391,1651,4009,416,641,2851,1395,718,2665,5116,2975,4695,650,1591,918,783,349,3136,1235,368,2183,34467,4237,3259,141,2243,1244,2566,1208,578,1380,683,2979,5862,1852,2832,3403,46363,5065,518,432,2226,2506,1493,1078,769,772,1712,2234,892,1543,4039,2479,1926,5210,11467,97864,427,1784,10247,652,7464,1919,1517,9165,4386,4380,6230,2360,7078,2551,12014,25690,129277,19714,14178,4704,4511,15735,3013,4053,1668,1724,11513,442,2418,2077,1132,9084,2084,31228,64952,4384,602,1218,6576,6150,3872,404,8059,6756,9391,2148,4938,1877,8576,40550,2631,11784,10518,1084,1995,7692,4068,778,152163,6069,6740,2458,12272,23555,2265,9447,9028,7666,42840,6089,11547,12187
R47201,沖縄県,那覇市,2.96,914741,77652,26484,9204,20002,1962,1500,1128,5012,4575,1859,254,508,1182,3981,48947,4910,263,106,747,179,4862,810,347,658,1049,836,442,1742,249,5248,4615,292,101,235,532,196,476,656,697,64,2548,1202,1324,2352,561,2116,683,191,5242,2419,83414,15386,29357,15168,3146,2826,2831,5988,2571,6141,45548,12869,1747,10807,967,6777,569,11811,100109,2824,1871,1088,2533,2889,2919,1287,5779,1125,2556,326,1776,3886,727,4875,330,306,2317,971,1219,2987,1360,6729,2558,1324,1605,920,1752,8042,364,576,2748,827,841,2958,7440,1617,3791,619,1080,1672,565,207,2749,462,202,2512,36134,3523,3814,648,1781,860,1629,933,302,1299,476,2062,5873,1406,8305,3224,43102,5656,432,528,1314,1859,1266,756,547,695,1030,2027,1011,1241,4084,3099,1434,3977,12146,86380,215,533,5772,882,7571,1676,1051,7631,3052,4443,6775,2410,6411,2336,9919,25702,146532,25728,12554,6029,4828,13333,1628,4446,1511,2732,12668,445,1924,1320,2559,6462,2734,45627,67876,1321,686,1274,8364,7105,6191,650,6877,7754,5152,2961,7508,1277,10757,42165,1433,7734,12070,1460,3762,8660,6099,946,136883,2277,5663,1363,8642,15828,2020,7448,4876,7664,52353,6181,13138,9430